1,6,1164,,,t,2025-11-01 00:00:00+00,,,,
2,6,1166,,,t,2025-11-01 00:00:00+00,,,,
3,6,1168,,,t,2025-11-01 00:00:00+00,,,,
4,6,1170,,,t,2025-11-01 00:00:00+00,,,,
5,6,1172,,,t,2025-11-01 00:00:00+00,,,,
6,6,1174,,,t,2025-11-01 00:00:00+00,,,,
7,6,1176,,,t,2025-11-01 00:00:00+00,,,,
8,6,1178,,,t,2025-11-01 00:00:00+00,,,,
9,6,1180,,,t,2025-11-01 00:00:00+00,,,,
10,6,1182,,,t,2025-11-01 00:00:00+00,,,,
11,6,1184,,,t,2025-11-01 00:00:00+00,,,,
13,1,1102,,,t,2025-11-01 00:00:00+00,,,,
14,1,1103,,,t,2025-11-01 00:00:00+00,,,,
15,1,1104,,,t,2025-11-01 00:00:00+00,,,,
16,1,1105,,,t,2025-11-01 00:00:00+00,,,,
17,1,1106,,,t,2025-11-01 00:00:00+00,,,,
18,1,1107,,,t,2025-11-01 00:00:00+00,,,,
19,1,1108,,,t,2025-11-01 00:00:00+00,,,,
20,1,1109,,,t,2025-11-01 00:00:00+00,,,,
21,1,1110,,,t,2025-11-01 00:00:00+00,,,,
22,1,1111,,,t,2025-11-01 00:00:00+00,,,,
23,1,1112,,,t,2025-11-01 00:00:00+00,,,,
24,1,1113,,,t,2025-11-01 00:00:00+00,,,,
25,1,1114,,,t,2025-11-01 00:00:00+00,,,,
26,1,1115,,,t,2025-11-01 00:00:00+00,,,,
27,1,1116,,,t,2025-11-01 00:00:00+00,,,,
28,1,1117,,,t,2025-11-01 00:00:00+00,,,,
29,1,1118,,,t,2025-11-01 00:00:00+00,,,,
30,1,1119,,,t,2025-11-01 00:00:00+00,,,,
31,1,1120,,,t,2025-11-01 00:00:00+00,,,,
32,1,1121,,,t,2025-11-01 00:00:00+00,,,,
33,1,1122,,,t,2025-11-01 00:00:00+00,,,,
34,1,1123,,,t,2025-11-01 00:00:00+00,,,,
35,1,1124,,,t,2025-11-01 00:00:00+00,,,,
36,1,1126,,,t,2025-11-01 00:00:00+00,,,,
37,1,1128,,,t,2025-11-01 00:00:00+00,,,,
38,1,1129,,,t,2025-11-01 00:00:00+00,,,,
39,1,1130,,,t,2025-11-01 00:00:00+00,,,,
40,1,1131,,,t,2025-11-01 00:00:00+00,,,,
41,1,1132,,,t,2025-11-01 00:00:00+00,,,,
42,1,1133,,,t,2025-11-01 00:00:00+00,,,,
43,1,1134,,,t,2025-11-01 00:00:00+00,,,,
44,1,1135,,,t,2025-11-01 00:00:00+00,,,,
45,1,1136,,,t,2025-11-01 00:00:00+00,,,,
46,1,1137,,,t,2025-11-01 00:00:00+00,,,,
47,1,1138,,,t,2025-11-01 00:00:00+00,,,,
48,1,1139,,,t,2025-11-01 00:00:00+00,,,,
49,1,1140,,,t,2025-11-01 00:00:00+00,,,,
50,1,1141,,,t,2025-11-01 00:00:00+00,,,,
51,1,1142,,,t,2025-11-01 00:00:00+00,,,,
52,1,1143,,,t,2025-11-01 00:00:00+00,,,,
53,1,1145,,,t,2025-11-01 00:00:00+00,,,,
54,1,1146,,,t,2025-11-01 00:00:00+00,,,,
55,1,1147,,,t,2025-11-01 00:00:00+00,,,,
56,1,1148,,,t,2025-11-01 00:00:00+00,,,,
57,1,1149,,,t,2025-11-01 00:00:00+00,,,,
58,1,1150,,,t,2025-11-01 00:00:00+00,,,,
59,1,1151,,,t,2025-11-01 00:00:00+00,,,,
60,1,1152,,,t,2025-11-01 00:00:00+00,,,,
61,1,1153,,,t,2025-11-01 00:00:00+00,,,,
62,1,1154,,,t,2025-11-01 00:00:00+00,,,,
63,1,1156,,,t,2025-11-01 00:00:00+00,,,,
64,1,1158,,,t,2025-11-01 00:00:00+00,,,,
65,1,1159,,,t,2025-11-01 00:00:00+00,,,,
66,1,1160,,,t,2025-11-02 00:00:00+00,,,,
67,1,1161,,,t,2025-11-02 00:00:00+00,,,,
68,1,1162,,,t,2025-11-02 00:00:00+00,,,,
69,2,1201,,,t,2025-11-02 00:00:00+00,,,,
70,2,1202,,,t,2025-11-02 00:00:00+00,,,,
71,2,1203,,,t,2025-11-02 00:00:00+00,,,,
72,2,1204,,,t,2025-11-02 00:00:00+00,,,,
73,2,1205,,,t,2025-11-02 00:00:00+00,,,,
74,2,1206,,,t,2025-11-02 00:00:00+00,,,,
75,2,1207,,,t,2025-11-02 00:00:00+00,,,,
76,2,1208,,,t,2025-11-02 00:00:00+00,,,,
77,2,1209,,,t,2025-11-02 00:00:00+00,,,,
78,2,1210,,,t,2025-11-02 00:00:00+00,,,,
79,2,1211,,,t,2025-11-02 00:00:00+00,,,,
80,2,1212,,,t,2025-11-02 00:00:00+00,,,,
81,2,1213,,,t,2025-11-02 00:00:00+00,,,,
84,2,1214,,,t,2025-11-02 00:00:00+00,,,,
85,2,1215,,,t,2025-11-02 00:00:00+00,,,,
86,2,1216,,,t,2025-11-02 00:00:00+00,,,,
87,2,1217,,,t,2025-11-02 00:00:00+00,,,,
88,2,1218,,,t,2025-11-02 00:00:00+00,,,,
89,2,1219,,,t,2025-11-02 00:00:00+00,,,,
90,2,1220,,,t,2025-11-02 00:00:00+00,,,,
91,2,1221,,,t,2025-11-02 00:00:00+00,,,,
92,2,1222,,,t,2025-11-02 00:00:00+00,,,,
93,2,1223,,,t,2025-11-02 00:00:00+00,,,,
94,2,1224,,,t,2025-11-02 00:00:00+00,,,,
95,2,1226,,,t,2025-11-02 00:00:00+00,,,,
96,2,1228,,,t,2025-11-02 00:00:00+00,,,,
97,2,1229,,,t,2025-11-02 00:00:00+00,,,,
98,2,1230,,,t,2025-11-02 00:00:00+00,,,,
99,2,1231,,,t,2025-11-02 00:00:00+00,,,,
100,2,1233,,,t,2025-11-02 00:00:00+00,,,,
101,2,1235,,,t,2025-11-02 00:00:00+00,,,,
102,2,1236,,,t,2025-11-02 00:00:00+00,,,,
103,2,1237,,,t,2025-11-02 00:00:00+00,,,,
105,2,1238,,,t,2025-11-02 00:00:00+00,,,,
106,2,1240,,,t,2025-11-02 00:00:00+00,,,,
107,2,1239,,,t,2025-11-02 00:00:00+00,,,,
108,2,1241,,,t,2025-11-02 00:00:00+00,,,,
109,2,1242,,,t,2025-11-02 00:00:00+00,,,,
110,2,1243,,,t,2025-11-02 00:00:00+00,,,,
111,2,1245,,,t,2025-11-02 00:00:00+00,,,,
112,2,1246,,,t,2025-11-02 00:00:00+00,,,,
113,2,1247,,,t,2025-11-02 00:00:00+00,,,,
114,2,1248,,,t,2025-11-02 00:00:00+00,,,,
115,2,1249,,,t,2025-11-02 00:00:00+00,,,,
117,2,1250,,,t,2025-11-02 00:00:00+00,,,,
118,2,1251,,,t,2025-11-02 00:00:00+00,,,,
119,2,1252,,,t,2025-11-02 00:00:00+00,,,,
121,2,1253,,,t,2025-11-02 00:00:00+00,,,,
122,2,1254,,,t,2025-11-02 00:00:00+00,,,,
123,2,1256,,,t,2025-11-02 00:00:00+00,,,,
124,2,1258,,,t,2025-11-02 00:00:00+00,,,,
125,2,1259,,,t,2025-11-02 00:00:00+00,,,,
126,2,1260,,,t,2025-11-02 00:00:00+00,,,,
127,2,1261,,,t,2025-11-02 00:00:00+00,,,,
128,2,1262,,,t,2025-11-02 00:00:00+00,,,,
129,3,1301,,,t,2025-11-02 00:00:00+00,,,,
130,3,1302,,,t,2025-11-02 00:00:00+00,,,,
131,3,1303,,,t,2025-11-02 00:00:00+00,,,,
132,3,1304,,,t,2025-11-02 00:00:00+00,,,,
133,3,1305,,,t,2025-11-02 00:00:00+00,,,,
134,3,1306,,,t,2025-11-02 00:00:00+00,,,,
135,3,1307,,,t,2025-11-02 00:00:00+00,,,,
137,3,1308,,,t,2025-11-02 00:00:00+00,,,,
138,3,1309,,,t,2025-11-02 00:00:00+00,,,,
139,3,1310,,,t,2025-11-02 00:00:00+00,,,,
140,3,1311,,,t,2025-11-02 00:00:00+00,,,,
141,3,1312,,,t,2025-11-02 00:00:00+00,,,,
142,3,1313,,,t,2025-11-02 00:00:00+00,,,,
143,3,1314,,,t,2025-11-02 00:00:00+00,,,,
145,3,1315,,,t,2025-11-02 00:00:00+00,,,,
147,3,1316,,,t,2025-11-02 00:00:00+00,,,,
148,3,1317,,,t,2025-11-02 00:00:00+00,,,,
149,3,1318,,,t,2025-11-02 00:00:00+00,,,,
150,3,1319,,,t,2025-11-02 00:00:00+00,,,,
151,3,1320,,,t,2025-11-02 00:00:00+00,,,,
152,3,1321,,,t,2025-11-02 00:00:00+00,,,,
153,3,1322,,,t,2025-11-02 00:00:00+00,,,,
154,3,1323,,,t,2025-11-02 00:00:00+00,,,,
155,3,1324,,,t,2025-11-02 00:00:00+00,,,,
157,3,1325,,,t,2025-11-02 00:00:00+00,,,,
158,3,1326,,,t,2025-11-02 00:00:00+00,,,,
159,3,1328,,,t,2025-11-02 00:00:00+00,,,,
160,3,1329,,,t,2025-11-02 00:00:00+00,,,,
161,3,1330,,,t,2025-11-02 00:00:00+00,,,,
162,3,1331,,,t,2025-11-02 00:00:00+00,,,,
163,3,1333,,,t,2025-11-02 00:00:00+00,,,,
164,3,1335,,,t,2025-11-02 00:00:00+00,,,,
165,3,1336,,,t,2025-11-02 00:00:00+00,,,,
166,3,1337,,,t,2025-11-02 00:00:00+00,,,,
167,3,1338,,,t,2025-11-02 00:00:00+00,,,,
168,3,1340,,,t,2025-11-02 00:00:00+00,,,,
169,3,1339,,,t,2025-11-02 00:00:00+00,,,,
170,3,1341,,,t,2025-11-02 00:00:00+00,,,,
172,3,1342,,,t,2025-11-02 00:00:00+00,,,,
173,3,1343,,,t,2025-11-02 00:00:00+00,,,,
174,3,1345,,,t,2025-11-02 00:00:00+00,,,,
175,3,1347,,,t,2025-11-02 00:00:00+00,,,,
176,3,1349,,,t,2025-11-02 00:00:00+00,,,,
177,3,1351,,,t,2025-11-02 00:00:00+00,,,,
178,3,1346,,,t,2025-11-02 00:00:00+00,,,,
180,3,1348,,,t,2025-11-02 00:00:00+00,,,,
181,3,1353,,,t,2025-11-02 00:00:00+00,,,,
182,3,1350,,,t,2025-11-02 00:00:00+00,,,,
183,3,1355,,,t,2025-11-02 00:00:00+00,,,,
184,3,1352,,,t,2025-11-02 00:00:00+00,,,,
185,3,1357,,,t,2025-11-02 00:00:00+00,,,,
186,3,1354,,,t,2025-11-02 00:00:00+00,,,,
187,3,1356,,,t,2025-11-02 00:00:00+00,,,,
188,3,1358,,,t,2025-11-02 00:00:00+00,,,,
189,3,1359,,,t,2025-11-02 00:00:00+00,,,,
190,3,1360,,,t,2025-11-02 00:00:00+00,,,,
191,3,1361,,,t,2025-11-02 00:00:00+00,,,,
192,3,1362,,,t,2025-11-02 00:00:00+00,,,,
193,4,1401,,,t,2025-11-02 00:00:00+00,,,,
194,4,1402,,,t,2025-11-02 00:00:00+00,,,,
195,4,1403,,,t,2025-11-02 00:00:00+00,,,,
196,4,1404,,,t,2025-11-02 00:00:00+00,,,,
197,4,1405,,,t,2025-11-02 00:00:00+00,,,,
198,4,1406,,,t,2025-11-02 00:00:00+00,,,,
199,4,1407,,,t,2025-11-02 00:00:00+00,,,,
200,4,1408,,,t,2025-11-02 00:00:00+00,,,,
202,4,1409,,,t,2025-11-02 00:00:00+00,,,,
203,4,1410,,,t,2025-11-02 00:00:00+00,,,,
204,4,1411,,,t,2025-11-02 00:00:00+00,,,,
205,4,1412,,,t,2025-11-02 00:00:00+00,,,,
206,4,1413,,,t,2025-11-02 00:00:00+00,,,,
207,4,1414,,,t,2025-11-02 00:00:00+00,,,,
208,4,1415,,,t,2025-11-02 00:00:00+00,,,,
209,4,1416,,,t,2025-11-02 00:00:00+00,,,,
210,4,1417,,,t,2025-11-02 00:00:00+00,,,,
211,4,1418,,,t,2025-11-02 00:00:00+00,,,,
212,4,1419,,,t,2025-11-02 00:00:00+00,,,,
214,4,1420,,,t,2025-11-02 00:00:00+00,,,,
215,4,1421,,,t,2025-11-02 00:00:00+00,,,,
216,4,1422,,,t,2025-11-02 00:00:00+00,,,,
217,4,1423,,,t,2025-11-02 00:00:00+00,,,,
218,4,1424,,,t,2025-11-02 00:00:00+00,,,,
219,4,1426,,,t,2025-11-02 00:00:00+00,,,,
221,4,1428,,,t,2025-11-02 00:00:00+00,,,,
222,4,1429,,,t,2025-11-02 00:00:00+00,,,,
223,4,1430,,,t,2025-11-02 00:00:00+00,,,,
224,4,1431,,,t,2025-11-02 00:00:00+00,,,,
225,4,1433,,,t,2025-11-02 00:00:00+00,,,,
226,4,1435,,,t,2025-11-02 00:00:00+00,,,,
227,4,1436,,,t,2025-11-02 00:00:00+00,,,,
228,4,1437,,,t,2025-11-02 00:00:00+00,,,,
230,4,1438,,,t,2025-11-02 00:00:00+00,,,,
231,4,1439,,,t,2025-11-02 00:00:00+00,,,,
232,4,1440,,,t,2025-11-02 00:00:00+00,,,,
233,4,1441,,,t,2025-11-02 00:00:00+00,,,,
234,4,1442,,,t,2025-11-02 00:00:00+00,,,,
235,4,1443,,,t,2025-11-02 00:00:00+00,,,,
236,4,1445,,,t,2025-11-02 00:00:00+00,,,,
237,4,1447,,,t,2025-11-02 00:00:00+00,,,,
238,4,1449,,,t,2025-11-02 00:00:00+00,,,,
239,4,1446,,,t,2025-11-02 00:00:00+00,,,,
240,4,1448,,,t,2025-11-02 00:00:00+00,,,,
241,4,1450,,,t,2025-11-02 00:00:00+00,,,,
242,4,1451,,,t,2025-11-02 00:00:00+00,,,,
243,4,1453,,,t,2025-11-02 00:00:00+00,,,,
244,4,1455,,,t,2025-11-02 00:00:00+00,,,,
245,4,1457,,,t,2025-11-02 00:00:00+00,,,,
246,4,1454,,,t,2025-11-02 00:00:00+00,,,,
247,4,1456,,,t,2025-11-02 00:00:00+00,,,,
248,4,1458,,,t,2025-11-02 00:00:00+00,,,,
249,4,1459,,,t,2025-11-02 00:00:00+00,,,,
250,4,1460,,,t,2025-11-02 00:00:00+00,,,,
251,4,1461,,,t,2025-11-02 00:00:00+00,,,,
252,4,1462,,,t,2025-11-02 00:00:00+00,,,,
253,5,1501,,,t,2025-11-02 00:00:00+00,,,,
254,5,1502,,,t,2025-11-02 00:00:00+00,,,,
255,5,1503,,,t,2025-11-02 00:00:00+00,,,,
256,5,1504,,,t,2025-11-02 00:00:00+00,,,,
257,5,1505,,,t,2025-11-02 00:00:00+00,,,,
258,5,1506,,,t,2025-11-02 00:00:00+00,,,,
259,5,1507,,,t,2025-11-02 00:00:00+00,,,,
260,5,1509,,,t,2025-11-02 00:00:00+00,,,,
261,5,1510,,,t,2025-11-02 00:00:00+00,,,,
262,5,1511,,,t,2025-11-02 00:00:00+00,,,,
263,5,1512,,,t,2025-11-02 00:00:00+00,,,,
264,5,1513,,,t,2025-11-02 00:00:00+00,,,,
265,5,1514,,,t,2025-11-02 00:00:00+00,,,,
266,5,1516,,,t,2025-11-02 00:00:00+00,,,,
267,5,1517,,,t,2025-11-02 00:00:00+00,,,,
268,5,1518,,,t,2025-11-02 00:00:00+00,,,,
269,5,1519,,,t,2025-11-02 00:00:00+00,,,,
270,5,1520,,,t,2025-11-02 00:00:00+00,,,,
271,5,1521,,,t,2025-11-02 00:00:00+00,,,,
273,5,1522,,,t,2025-11-02 00:00:00+00,,,,
274,5,1524,,,t,2025-11-02 00:00:00+00,,,,
276,5,1523,,,t,2025-11-02 00:00:00+00,,,,
277,5,1525,,,t,2025-11-02 00:00:00+00,,,,
278,5,1526,,,t,2025-11-02 00:00:00+00,,,,
279,5,1527,,,t,2025-11-02 00:00:00+00,,,,
281,5,1528,,,t,2025-11-02 00:00:00+00,,,,
283,5,1529,,,t,2025-11-02 00:00:00+00,,,,
284,5,1530,,,t,2025-11-02 00:00:00+00,,,,
285,5,1531,,,t,2025-11-02 00:00:00+00,,,,
286,5,1532,,,t,2025-11-02 00:00:00+00,,,,
287,5,1533,,,t,2025-11-02 00:00:00+00,,,,
288,5,1534,,,t,2025-11-02 00:00:00+00,,,,
289,5,1536,,,t,2025-11-02 00:00:00+00,,,,
290,5,1537,,,t,2025-11-02 00:00:00+00,,,,
291,5,1538,,,t,2025-11-02 00:00:00+00,,,,
292,5,1508,,,t,2025-11-02 00:00:00+00,,,,
294,12,102,STANDART DÜZ CONNECTION ODA,,t,2025-11-08 19:36:16.779309+00,,,,
295,12,103,STANDART DÜZ CONNECTION ODA,,t,2025-11-08 19:36:16.789265+00,,,,
296,12,104,STANDART DÜZ ODA,,t,2025-11-08 19:36:16.793434+00,,,,
297,12,105,STANDART DÜZ ODA,,t,2025-11-08 19:36:16.797738+00,,,,
298,12,106,STANDART DÜZ ODA,,t,2025-11-08 19:36:16.801788+00,,,,
299,12,107,STANDART DÜZ ODA,,t,2025-11-08 19:36:16.805317+00,,,,
300,12,108,STANDART DÜZ ODA,,t,2025-11-08 19:36:16.808895+00,,,,
301,12,109,KING SUIT ODA,,t,2025-11-08 19:36:16.813666+00,,,,
302,12,110,QUEEN DÜZ SUIT ODA,,t,2025-11-08 19:36:16.817916+00,,,,
303,12,113,QUEEN DÜZ SUIT ODA,,t,2025-11-08 19:36:16.821535+00,,,,
304,12,114,QUEEN DÜZ SUIT ODA,,t,2025-11-08 19:36:16.825247+00,,,,
305,12,117,QUEEN DÜZ SUIT ODA,,t,2025-11-08 19:36:16.829508+00,,,,
306,12,119,QUEEN DÜZ SUIT ODA,,t,2025-11-08 19:36:16.833606+00,,,,
307,12,120,STANDART EĞRİSEL ODA,,t,2025-11-08 19:36:16.837258+00,,,,
308,12,121,STANDART EĞRİSEL ODA,,t,2025-11-08 19:36:16.840506+00,,,,
309,12,122,STANDART EĞRİSEL ODA,,t,2025-11-08 19:36:16.844145+00,,,,
310,12,123,STANDART EĞRİSEL ODA,,t,2025-11-08 19:36:16.848658+00,,,,
311,12,124,STANDART EĞRİSEL ODA,,t,2025-11-08 19:36:16.851864+00,,,,
312,12,125,STANDART EĞRİSEL ODA,,t,2025-11-08 19:36:16.854878+00,,,,
313,12,126,STANDART EĞRİSEL ODA,,t,2025-11-08 19:36:16.857887+00,,,,
314,12,127,STANDART DÜZ CONNECTION ODA,,t,2025-11-08 19:36:16.862036+00,,,,
315,12,128,STANDART DÜZ CONNECTION ODA,,t,2025-11-08 19:36:16.865411+00,,,,
316,12,129,STANDART DÜZ ODA,,t,2025-11-08 19:36:16.868599+00,,,,
317,12,130,KING SUIT ODA,,t,2025-11-08 19:36:16.871445+00,,,,
318,12,131,STANDART DÜZ ODA,,t,2025-11-08 19:36:16.874466+00,,,,
319,12,132,STANDART DÜZ ODA,,t,2025-11-08 19:36:16.879864+00,,,,
320,12,133,STANDART EĞRİSEL ODA,,t,2025-11-08 19:36:16.883734+00,,,,
321,12,134,STANDART EĞRİSEL ODA,,t,2025-11-08 19:36:16.887866+00,,,,
322,12,135,STANDART EĞRİSEL ODA,,t,2025-11-08 19:36:16.891836+00,,,,
323,12,136,STANDART EĞRİSEL ODA,,t,2025-11-08 19:36:16.896849+00,,,,
324,12,137,STANDART EĞRİSEL ODA,,t,2025-11-08 19:36:16.900325+00,,,,
325,12,138,STANDART EĞRİSEL ODA,,t,2025-11-08 19:36:16.903203+00,,,,
326,12,139,STANDART EĞRİSEL ODA,,t,2025-11-08 19:36:16.907057+00,,,,
327,12,140,KING SUIT ODA,,t,2025-11-08 19:36:16.911875+00,,,,
328,12,141,JUNIOR SUIT ODA (ENGELLİ),,t,2025-11-08 19:36:16.916691+00,,,,
329,12,142,STANDART DÜZ ODA,,t,2025-11-08 19:36:16.919688+00,,,,
330,13,201,STANDART DÜZ ODA,,t,2025-11-08 19:36:16.922589+00,,,,
331,13,202,STANDART DÜZ CONNECTION ODA,,t,2025-11-08 19:36:16.927032+00,,,,
332,13,203,STANDART DÜZ CONNECTION ODA,,t,2025-11-08 19:36:16.931657+00,,,,
333,13,204,STANDART DÜZ ODA,,t,2025-11-08 19:36:16.934442+00,,,,
334,13,205,STANDART DÜZ ODA,,t,2025-11-08 19:36:16.937202+00,,,,
335,13,206,STANDART DÜZ CONNECTION ODA,,t,2025-11-08 19:36:16.940616+00,,,,
336,13,207,STANDART DÜZ CONNECTION ODA,,t,2025-11-08 19:36:16.945078+00,,,,
337,13,208,STANDART DÜZ ODA,,t,2025-11-08 19:36:16.948735+00,,,,
338,13,209,KING SUIT ODA,,t,2025-11-08 19:36:16.951826+00,,,,
339,13,210,STANDART DÜZ ODA,,t,2025-11-08 19:36:16.95532+00,,,,
340,13,211,STANDART DÜZ ODA,,t,2025-11-08 19:36:16.958662+00,,,,
341,13,212,STANDART DÜZ ODA,,t,2025-11-08 19:36:16.963502+00,,,,
342,13,213,STANDART DÜZ ODA,,t,2025-11-08 19:36:16.966989+00,,,,
343,13,214,STANDART DÜZ ODA,,t,2025-11-08 19:36:16.969928+00,,,,
344,13,215,STANDART DÜZ ODA,,t,2025-11-08 19:36:16.973336+00,,,,
345,13,216,STANDART DÜZ ODA,,t,2025-11-08 19:36:16.977312+00,,,,
346,13,217,STANDART DÜZ ODA,,t,2025-11-08 19:36:16.981399+00,,,,
347,13,218,STANDART DÜZ ODA,,t,2025-11-08 19:36:16.984648+00,,,,
348,13,219,STANDART DÜZ ODA,,t,2025-11-08 19:36:16.988205+00,,,,
349,13,220,STANDART EĞRİSEL ODA,,t,2025-11-08 19:36:16.991545+00,,,,
350,13,221,STANDART EĞRİSEL ODA,,t,2025-11-08 19:36:16.996034+00,,,,
351,13,222,STANDART EĞRİSEL ODA,,t,2025-11-08 19:36:16.999388+00,,,,
352,13,223,STANDART EĞRİSEL ODA,,t,2025-11-08 19:36:17.002715+00,,,,
353,13,224,STANDART EĞRİSEL ODA,,t,2025-11-08 19:36:17.00579+00,,,,
354,13,225,STANDART EĞRİSEL ODA,,t,2025-11-08 19:36:17.008958+00,,,,
355,13,226,STANDART EĞRİSEL ODA,,t,2025-11-08 19:36:17.013076+00,,,,
356,13,227,STANDART DÜZ CONNECTION ODA,,t,2025-11-08 19:36:17.016351+00,,,,
357,13,228,STANDART DÜZ CONNECTION ODA,,t,2025-11-08 19:36:17.019838+00,,,,
358,13,229,STANDART DÜZ ODA,,t,2025-11-08 19:36:17.02297+00,,,,
359,13,230,KING SUIT ODA,,t,2025-11-08 19:36:17.027266+00,,,,
360,13,231,STANDART DÜZ ODA,,t,2025-11-08 19:36:17.030945+00,,,,
361,13,232,STANDART DÜZ ODA,,t,2025-11-08 19:36:17.033941+00,,,,
362,13,233,STANDART EĞRİSEL ODA,,t,2025-11-08 19:36:17.037428+00,,,,
363,13,234,STANDART EĞRİSEL ODA,,t,2025-11-08 19:36:17.040335+00,,,,
364,13,235,STANDART EĞRİSEL ODA,,t,2025-11-08 19:36:17.044664+00,,,,
365,13,236,STANDART EĞRİSEL ODA,,t,2025-11-08 19:36:17.048144+00,,,,
366,13,237,STANDART EĞRİSEL ODA,,t,2025-11-08 19:36:17.051152+00,,,,
367,13,238,STANDART EĞRİSEL ODA,,t,2025-11-08 19:36:17.054079+00,,,,
368,13,239,STANDART EĞRİSEL ODA,,t,2025-11-08 19:36:17.057207+00,,,,
369,13,240,KING SUIT ODA,,t,2025-11-08 19:36:17.061344+00,,,,
370,13,241,JUNIOR SUIT ODA (ENGELLİ),,t,2025-11-08 19:36:17.065727+00,,,,
371,13,242,STANDART DÜZ ODA,,t,2025-11-08 19:36:17.068962+00,,,,
372,13,243,STANDART DÜZ ODA,,t,2025-11-08 19:36:17.072153+00,,,,
373,14,302,QUEEN DÜZ SUIT ODA,,t,2025-11-08 19:36:17.075484+00,,,,
374,14,303,QUEEN DÜZ SUIT ODA,,t,2025-11-08 19:36:17.080177+00,,,,
375,14,305,QUEEN DÜZ SUIT ODA,,t,2025-11-08 19:36:17.083657+00,,,,
376,14,309,KING SUIT ODA,,t,2025-11-08 19:36:17.086411+00,,,,
377,14,313,QUEEN DÜZ SUIT ODA,,t,2025-11-08 19:36:17.089511+00,,,,
378,14,314,QUEEN DÜZ SUIT ODA,,t,2025-11-08 19:36:17.092572+00,,,,
379,14,317,QUEEN DÜZ SUIT ODA,,t,2025-11-08 19:36:17.097299+00,,,,
380,14,319,QUEEN DÜZ SUIT ODA,,t,2025-11-08 19:36:17.100747+00,,,,
381,14,320,STANDART EĞRİSEL CONNECTION ODA,,t,2025-11-08 19:36:17.103798+00,,,,
382,14,321,QUEEN EĞRİSEL CONNECTION ODA,,t,2025-11-08 19:36:17.106612+00,,,,
383,14,323,QUEEN EĞRİSEL SUIT ODA,,t,2025-11-08 19:36:17.11029+00,,,,
384,14,326,QUEEN EĞRİSEL SUIT ODA,,t,2025-11-08 19:36:17.114299+00,,,,
385,14,327,STANDART DÜZ ODA,,t,2025-11-08 19:36:17.116923+00,,,,
386,14,329,QUEEN DÜZ SUIT ODA,,t,2025-11-08 19:36:17.120022+00,,,,
387,14,330,KING SUIT ODA,,t,2025-11-08 19:36:17.122703+00,,,,
388,14,331,QUEEN DÜZ SUIT ODA,,t,2025-11-08 19:36:17.125734+00,,,,
389,14,333,QUEEN EĞRİSEL SUIT ODA,,t,2025-11-08 19:36:17.130337+00,,,,
293,4,1452,,,f,2025-11-04 00:00:00+00,,,,
390,14,336,QUEEN EĞRİSEL SUIT ODA,,t,2025-11-08 19:36:17.133414+00,,,,
391,14,338,QUEEN EĞRİSEL CONNECTION ODA,,t,2025-11-08 19:36:17.137581+00,,,,
392,14,339,STANDART EĞRİSEL CONNECTION ODA,,t,2025-11-08 19:36:17.14036+00,,,,
393,14,340,KING SUIT ODA,,t,2025-11-08 19:36:17.144087+00,,,,
394,14,341,JUNIOR SUIT ODA (ENGELLİ),,t,2025-11-08 19:36:17.147874+00,,,,
395,14,342,QUEEN DÜZ SUIT ODA,,t,2025-11-08 19:36:17.151356+00,,,,
396,15,402,QUEEN DÜZ SUIT ODA,,t,2025-11-08 19:36:17.155365+00,,,,
397,15,403,QUEEN DÜZ SUIT ODA,,t,2025-11-08 19:36:17.158976+00,,,,
398,15,409,KING SUIT ODA,,t,2025-11-08 19:36:17.163914+00,,,,
399,15,419,QUEEN DÜZ SUIT ODA,,t,2025-11-08 19:36:17.168069+00,,,,
400,15,420,STANDART EĞRİSEL CONNECTION ODA,,t,2025-11-08 19:36:17.17215+00,,,,
401,15,421,QUEEN EĞRİSEL CONNECTION ODA,,t,2025-11-08 19:36:17.177248+00,,,,
402,15,423,QUEEN EĞRİSEL SUIT ODA,,t,2025-11-08 19:36:17.182405+00,,,,
403,15,426,QUEEN EĞRİSEL SUIT ODA,,t,2025-11-08 19:36:17.186649+00,,,,
404,15,427,STANDART DÜZ ODA,,t,2025-11-08 19:36:17.191583+00,,,,
405,15,430,KING SUIT ODA,,t,2025-11-08 19:36:17.197905+00,,,,
406,15,433,QUEEN EĞRİSEL SUIT ODA,,t,2025-11-08 19:36:17.202859+00,,,,
407,15,436,QUEEN EĞRİSEL SUIT ODA,,t,2025-11-08 19:36:17.207439+00,,,,
408,15,437,QUEEN EĞRİSEL SUIT ODA,,t,2025-11-08 19:36:17.212846+00,,,,
409,15,438,QUEEN DÜZ SUIT ODA,,t,2025-11-08 19:36:17.216357+00,,,,
410,15,441,JUNIOR SUIT ODA (ENGELLİ),,t,2025-11-08 19:36:17.219818+00,,,,
411,15,442,QUEEN DÜZ SUIT ODA,,t,2025-11-08 19:36:17.223506+00,,,,
412,16,501,KING SUIT ODA,,t,2025-11-08 19:36:17.227404+00,,,,
413,16,502,ROYAL SUIT ODA,,t,2025-11-08 19:36:17.23108+00,,,,
414,16,503,KING SUIT ODA,,t,2025-11-08 19:36:17.234106+00,,,,
415,16,504,ROYAL SUIT ODA,,t,2025-11-08 19:36:17.237298+00,,,,
416,16,505,KING SUIT ODA,,t,2025-11-08 19:36:17.240452+00,,,,
417,16,506,KING SUIT ODA,,t,2025-11-08 19:36:17.244607+00,,,,
418,16,507,KING SUIT ODA,,t,2025-11-08 19:36:17.247951+00,,,,
419,17,182,STANDART FRENCH ODA,,t,2025-11-08 19:38:05.721594+00,,,,
420,17,183,STANDART FRENCH ODA,,t,2025-11-08 19:38:05.725715+00,,,,
421,17,184,STANDART FRENCH ODA,,t,2025-11-08 19:38:05.730284+00,,,,
422,17,185,STANDART FRENCH ODA,,t,2025-11-08 19:38:05.733837+00,,,,
423,17,186,STANDART FRENCH ODA,,t,2025-11-08 19:38:05.736897+00,,,,
424,17,187,STANDART FRENCH ODA,,t,2025-11-08 19:38:05.740276+00,,,,
425,17,189,STANDART FRENCH ODA,,t,2025-11-08 19:38:05.743552+00,,,,
426,17,190,STANDART FRENCH ODA,,t,2025-11-08 19:38:05.749057+00,,,,
427,17,191,STANDART FRENCH ODA,,t,2025-11-08 19:38:05.752243+00,,,,
428,17,192,STANDART FRENCH ODA,,t,2025-11-08 19:38:05.760642+00,,,,
429,17,193,STANDART FRENCH ODA,,t,2025-11-08 19:38:05.765137+00,,,,
430,17,194,STANDART FRENCH ODA,,t,2025-11-08 19:38:05.768245+00,,,,
431,18,151,QUEEN DÜZ SUIT ODA,,t,2025-11-08 19:38:05.771509+00,,,,
432,18,152,STANDART FRENCH ODA,,t,2025-11-08 19:38:05.774675+00,,,,
433,18,153,STANDART TWİN CONNECTION ODA,,t,2025-11-08 19:38:05.777836+00,,,,
434,18,154,STANDART FRENCH CONNECTION ODA,,t,2025-11-08 19:38:05.782222+00,,,,
435,18,155,STANDART FRENCH ODA,,t,2025-11-08 19:38:05.785306+00,,,,
436,18,156,STANDART SINGLE ODA,,t,2025-11-08 19:38:05.788897+00,,,,
437,18,157,STANDART TWİN ODA,,t,2025-11-08 19:38:05.792158+00,,,,
438,18,158,STANDART FRENCH ODA,,t,2025-11-08 19:38:05.796746+00,,,,
439,18,159,STANDART FRENCH ODA,,t,2025-11-08 19:38:05.8005+00,,,,
440,18,160,STANDART TWİN CONNECTION ODA,,t,2025-11-08 19:38:05.803885+00,,,,
441,18,161,STANDART FRENCH CONNECTION ODA,,t,2025-11-08 19:38:05.806927+00,,,,
442,18,162,STANDART FRENCH ODA,,t,2025-11-08 19:38:05.810211+00,,,,
443,18,163,JUNIOR SUIT ODA,,t,2025-11-08 19:38:05.814635+00,,,,
444,18,164,SINGLE JUNIOR SUIT ODA,,t,2025-11-08 19:38:05.818353+00,,,,
445,18,165,KING SUIT ODA,,t,2025-11-08 19:38:05.821567+00,,,,
446,18,166,SINGLE JUNIOR SUIT ODA,,t,2025-11-08 19:38:05.824725+00,,,,
447,18,167,KING SUIT ODA,,t,2025-11-08 19:38:05.827937+00,,,,
448,18,168,SINGLE JUNIOR SUIT ODA,,t,2025-11-08 19:38:05.832014+00,,,,
449,18,169,JUNIOR SUIT ODA,,t,2025-11-08 19:38:05.835326+00,,,,
450,18,170,STANDART FRENCH ODA,,t,2025-11-08 19:38:05.838156+00,,,,
451,18,171,STANDART FRENCH CONNECTION ODA,,t,2025-11-08 19:38:05.841195+00,,,,
452,18,172,STANDART TWİN CONNECTION ODA,,t,2025-11-08 19:38:05.844292+00,,,,
453,18,173,STANDART FRENCH ODA,,t,2025-11-08 19:38:05.848521+00,,,,
454,18,174,STANDART FRENCH ODA,,t,2025-11-08 19:38:05.852484+00,,,,
455,18,175,STANDART TWİN ODA,,t,2025-11-08 19:38:05.855337+00,,,,
456,18,176,STANDART SINGLE ODA,,t,2025-11-08 19:38:05.858558+00,,,,
457,18,177,STANDART FRENCH ODA,,t,2025-11-08 19:38:05.862039+00,,,,
458,18,178,STANDART FRENCH CONNECTION ODA,,t,2025-11-08 19:38:05.866142+00,,,,
459,18,179,STANDART TWİN CONNECTION ODA,,t,2025-11-08 19:38:05.869291+00,,,,
460,18,180,STANDART FRENCH ODA,,t,2025-11-08 19:38:05.872281+00,,,,
461,18,181,QUEEN DÜZ SUIT ODA,,t,2025-11-08 19:38:05.875105+00,,,,
462,19,251,QUEEN DÜZ SUIT ODA,,t,2025-11-08 19:38:05.878013+00,,,,
463,19,252,STANDART FRENCH ODA,,t,2025-11-08 19:38:05.882396+00,,,,
464,19,253,STANDART TWİN CONNECTION ODA,,t,2025-11-08 19:38:05.885686+00,,,,
465,19,254,STANDART FRENCH CONNECTION ODA,,t,2025-11-08 19:38:05.888662+00,,,,
466,19,255,STANDART FRENCH ODA,,t,2025-11-08 19:38:05.89187+00,,,,
467,19,256,STANDART DÜZ CONNECTION ODA,,t,2025-11-08 19:38:05.895858+00,,,,
468,19,257,STANDART TWİN ODA,,t,2025-11-08 19:38:05.899544+00,,,,
469,19,258,STANDART FRENCH ODA,,t,2025-11-08 19:38:05.902768+00,,,,
470,19,259,STANDART FRENCH ODA,,t,2025-11-08 19:38:05.905781+00,,,,
471,19,260,STANDART TWİN CONNECTION ODA,,t,2025-11-08 19:38:05.909023+00,,,,
472,19,261,STANDART FRENCH CONNECTION ODA,,t,2025-11-08 19:38:05.913912+00,,,,
473,19,262,STANDART FRENCH ODA,,t,2025-11-08 19:38:05.917502+00,,,,
474,19,263,JUNIOR SUIT ODA,,t,2025-11-08 19:38:05.920778+00,,,,
475,19,264,SINGLE JUNIOR SUIT ODA,,t,2025-11-08 19:38:05.92358+00,,,,
476,19,265,KING SUIT ODA,,t,2025-11-08 19:38:05.926876+00,,,,
477,19,266,SINGLE JUNIOR SUIT ODA,,t,2025-11-08 19:38:05.931201+00,,,,
478,19,267,KING SUIT ODA,,t,2025-11-08 19:38:05.934373+00,,,,
479,19,268,SINGLE JUNIOR SUIT ODA,,t,2025-11-08 19:38:05.93743+00,,,,
480,19,269,JUNIOR SUIT ODA,,t,2025-11-08 19:38:05.940155+00,,,,
481,19,270,STANDART FRENCH ODA,,t,2025-11-08 19:38:05.943434+00,,,,
482,19,271,STANDART FRENCH CONNECTION ODA,,t,2025-11-08 19:38:05.947424+00,,,,
483,19,272,STANDART TWİN CONNECTION ODA,,t,2025-11-08 19:38:05.950567+00,,,,
484,19,273,STANDART FRENCH ODA,,t,2025-11-08 19:38:05.953451+00,,,,
485,19,274,STANDART FRENCH ODA,,t,2025-11-08 19:38:05.956398+00,,,,
486,19,275,STANDART TWİN ODA,,t,2025-11-08 19:38:05.959655+00,,,,
487,19,276,STANDART SINGLE ODA,,t,2025-11-08 19:38:05.963457+00,,,,
488,19,277,STANDART FRENCH ODA,,t,2025-11-08 19:38:05.966986+00,,,,
489,19,278,STANDART FRENCH CONNECTION ODA,,t,2025-11-08 19:38:05.969713+00,,,,
490,19,279,STANDART TWİN CONNECTION ODA,,t,2025-11-08 19:38:05.972888+00,,,,
491,19,280,STANDART FRENCH ODA,,t,2025-11-08 19:38:05.976238+00,,,,
492,19,281,QUEEN DÜZ SUIT ODA,,t,2025-11-08 19:38:05.980107+00,,,,
493,20,351,QUEEN DÜZ SUIT ODA,,t,2025-11-08 19:38:05.983586+00,,,,
494,20,352,STANDART FRENCH ODA,,t,2025-11-08 19:38:05.98645+00,,,,
495,20,353,STANDART TWİN CONNECTION ODA,,t,2025-11-08 19:38:05.990004+00,,,,
496,20,354,STANDART FRENCH CONNECTION ODA,,t,2025-11-08 19:38:05.993127+00,,,,
497,20,355,STANDART FRENCH ODA,,t,2025-11-08 19:38:05.997148+00,,,,
498,20,356,STANDART SINGLE ODA,,t,2025-11-08 19:38:06.000291+00,,,,
499,20,357,STANDART TWİN ODA,,t,2025-11-08 19:38:06.003644+00,,,,
500,20,358,STANDART FRENCH ODA,,t,2025-11-08 19:38:06.006868+00,,,,
501,20,359,STANDART FRENCH ODA,,t,2025-11-08 19:38:06.009797+00,,,,
502,20,360,STANDART TWİN CONNECTION ODA,,t,2025-11-08 19:38:06.013767+00,,,,
503,20,361,STANDART FRENCH CONNECTION ODA,,t,2025-11-08 19:38:06.017021+00,,,,
504,20,362,STANDART FRENCH ODA,,t,2025-11-08 19:38:06.020537+00,,,,
505,20,363,JUNIOR SUIT ODA,,t,2025-11-08 19:38:06.023406+00,,,,
506,20,365,KING SUIT ODA,,t,2025-11-08 19:38:06.026306+00,,,,
507,20,367,KING SUIT ODA,,t,2025-11-08 19:38:06.031182+00,,,,
508,20,369,JUNIOR SUIT ODA,,t,2025-11-08 19:38:06.038133+00,,,,
509,20,370,STANDART FRENCH ODA,,t,2025-11-08 19:38:06.043207+00,,,,
510,20,371,STANDART FRENCH CONNECTION ODA,,t,2025-11-08 19:38:06.0497+00,,,,
511,20,372,STANDART TWİN CONNECTION ODA,,t,2025-11-08 19:38:06.055222+00,,,,
512,20,373,STANDART FRENCH ODA,,t,2025-11-08 19:38:06.059764+00,,,,
513,20,374,STANDART FRENCH ODA,,t,2025-11-08 19:38:06.065796+00,,,,
514,20,375,STANDART TWİN ODA,,t,2025-11-08 19:38:06.071704+00,,,,
515,20,376,STANDART SINGLE ODA,,t,2025-11-08 19:38:06.077051+00,,,,
516,20,377,STANDART FRENCH ODA,,t,2025-11-08 19:38:06.083633+00,,,,
517,20,378,STANDART FRENCH CONNECTION ODA,,t,2025-11-08 19:38:06.087528+00,,,,
518,20,379,STANDART TWİN CONNECTION ODA,,t,2025-11-08 19:38:06.090818+00,,,,
519,20,380,STANDART FRENCH ODA,,t,2025-11-08 19:38:06.095073+00,,,,
520,20,381,QUEEN DÜZ SUIT ODA,,t,2025-11-08 19:38:06.100924+00,,,,
521,21,457,STANDART FRENCH ODA,,t,2025-11-08 19:38:06.107113+00,,,,
522,21,458,STANDART TWİN ODA,,t,2025-11-08 19:38:06.110631+00,,,,
523,21,459,STANDART FRENCH ODA,,t,2025-11-08 19:38:06.115257+00,,,,
524,21,460,STANDART TWİN ODA,,t,2025-11-08 19:38:06.118473+00,,,,
525,21,461,STANDART FRENCH ODA,,t,2025-11-08 19:38:06.121385+00,,,,
526,21,462,STANDART FRENCH ODA,,t,2025-11-08 19:38:06.124139+00,,,,
527,21,463,JUNIOR SUIT ODA,,t,2025-11-08 19:38:06.126969+00,,,,
528,21,465,KING SUIT ODA,,t,2025-11-08 19:38:06.131093+00,,,,
529,21,467,KING SUIT ODA,,t,2025-11-08 19:38:06.13408+00,,,,
530,21,469,JUNIOR SUIT ODA,,t,2025-11-08 19:38:06.137015+00,,,,
531,21,470,STANDART FRENCH ODA,,t,2025-11-08 19:38:06.139754+00,,,,
532,21,471,STANDART FRENCH ODA,,t,2025-11-08 19:38:06.142604+00,,,,
533,21,472,STANDART TWİN ODA,,t,2025-11-08 19:38:06.147203+00,,,,
534,21,473,STANDART FRENCH ODA,,t,2025-11-08 19:38:06.15088+00,,,,
535,21,474,STANDART TWİN ODA,,t,2025-11-08 19:38:06.153551+00,,,,
536,21,475,STANDART FRENCH ODA,,t,2025-11-08 19:38:06.15623+00,,,,
537,22,557,STANDART FRENCH ODA,,t,2025-11-08 19:38:06.159418+00,,,,
538,22,558,STANDART TWİN ODA,,t,2025-11-08 19:38:06.162913+00,,,,
539,22,559,STANDART FRENCH ODA,,t,2025-11-08 19:38:06.166233+00,,,,
540,22,560,STANDART TWİN ODA,,t,2025-11-08 19:38:06.169155+00,,,,
541,22,561,STANDART FRENCH ODA,,t,2025-11-08 19:38:06.17179+00,,,,
542,22,562,STANDART FRENCH ODA,,t,2025-11-08 19:38:06.174871+00,,,,
543,22,570,STANDART FRENCH ODA,,t,2025-11-08 19:38:06.177808+00,,,,
544,22,571,STANDART FRENCH ODA,,t,2025-11-08 19:38:06.181727+00,,,,
545,22,572,STANDART TWİN ODA,,t,2025-11-08 19:38:06.184635+00,,,,
546,22,573,STANDART FRENCH ODA,,t,2025-11-08 19:38:06.187292+00,,,,
547,22,574,STANDART TWİN ODA,,t,2025-11-08 19:38:06.19039+00,,,,
548,22,575,STANDART FRENCH ODA,,t,2025-11-08 19:38:06.193132+00,,,,
12,1,1101,,,t,2025-11-01 00:00:00+00,gDnPxysE-tVPbgkAGfFHrjx2w5Qy-a1WqBmWwt6SiVM,"data:image/png;base64,iVBORw0KGgoAAAANSUhEUgAAAjoAAAI6AQAAAAAGM99tAAAFi0lEQVR4nO2dW2rkSBBFT4wE/pSgF+ClqHbQS2p6SbMDaSlegEH6NEjEfORDoeqGGXAVkzO++VG4JNUhBddBZDwyzXnIWP54DAcEEkgggQQSSCCBBBLo/wKyPHrMRrDbZmY25mfsxmEsZgYcFh8xM7s9Y0YCCfQQ0OTu7mu+6DOd+1y0yzJ2DoM7i/XAZgZ07u7uV9DDZiSQQA8BbdX4chgMO0DnTL7DtB5mP976dM3d9/SkmfVPm5FAAn1m9Hfffbm9uE1/jkDyQTo3AJaxwxjeDYZ3nO1JMxJIoCeBDvN52PF5cPc5ybvH52GHae3cfe1+jYL/J15NoK8DKjZ7cGADm/wo17Z+Z1q/7bCN+SvbiLN9S+5I1Hd7ryaQQLBYDYZsL2637cXtxwp2A+xGl74CnZdrR15fPmdGAgn0qZHsczS+w47Dji+ve3Knne0whw+D4cPKL64eSXuvJtCXBpFCd76SnGhSRGSFEiCpz62Q7t5dm9zd5/ZeTaAvDarK7jysEefBq8aL2s8gIGlp2bnPFSBlC9QWiJxtGbzEPAZPAs5GevAs9OlyN1vqYZfNFqhJUPBGUpgvC32PbgoUi86wpwxl/rWULVCjoOCNMK2QEoyTZ28kCT3dWKF4I3v57SpvRKA2QRTtdtXpgGyaS7omm/A16z7foHyVsgVqEHS12Z0ncz25+yn5i9D3EEORny1Qs6CygoT7gr+8WiyST8r2MzBY/HEpW6AWQUHZOfRHrWJNy8iybqwVfsntnlE8W6CGQdXPPmMjuYA1lkCVKHa23lADJHmRKWUL1BgoZmpCgKT8FWPXQHSsqWtOKVug9kC5rm/5/mFe+g12Y/gwh733JZWJHH2p+uvxxbrdpnW09G/w4BkJJNBDRvZGihPtM9xb5XSN4KtAtO2y2QK1ByreyBnmK352jmwTi6HycrNESfKHlC1Qe6Bqs2urLmcA+xIEzI+cVVLxhpQtUGOgkkIsS8HyUav+6PxMrMeaQI+/kLIFagwU/eyYb6zOSYiSVD87JCJVNyJQyyCft56s2LccLjGznhK7BlIr+1jLtZPh3q+gh81IIIE+ObLJPS8MNdm+nqLuQpImDmXXBWoUFFeQtUQ1NI9Fjxug5mfOKil5IwI1CKpRv9pRUCMid753rlgtPsgZTZHNFqhBUKwbObVbdz8r1rt+1AqSqHYpW6DmQNXPPktGCJb6DJVc8jPVAZefLVCjoBD1ywnGYqmLgK/BPX5pTpDNFqhFUOxdr1XZnFuuBh8EONeNlxi3lC1Qc6CLpa4aP/sNcg7yWrF6+UvKFqhF0KXDN3TSuJdG3i6Et8tKs4RPat+YlC1Qq6DDmDxv2pc2sLydLnbNpP983bEbYLf0H/ChHSsFahKUd6xcXvfeoHNjAJvWEV++A3CklgRfXvceth6W8b0vOw+PD5+RQAI9ZISYx7nTGUCpz86JyNDwO/kllC0/W6AGQaGKNa8WQ+NjXTyW3Smpe7FGB1zKFqg9UKiIKivDzs8u9hjhW2vu3ctd2WyBWgXd52fK7meX3fyAsN1Z2Fi7JnikbIGaBBXFnjkb8J+v7mbj2VPjbjbG/XOeOCOBBPrkKDYbqPvnhDLsuvvZJYUTN/yTny1Qw6DpknyxH2vUuM8cltpulhHyGb7VAX/OjAQS6CGgcoav3TYzn8tBS3YrB60zrYeleHY+p9oMthedTi1Qk6D7M3wBSDmb6a3H2bqddADksPc2ObB8P3pPSZq6lmzw1QT60qDfKpuUeWTvWW5d+grD6iwGPr29OMsNHOqxqO29mkBfGhT6IGNWZoitM7kgu6wlPWyB5tpvRKA2Qb+JjdydHnZp/Z2hNPxei7SlbIHaApn//TP/ZCztvZpAAgkkkEACCSSQQAL9a6C/AIpb++wKY7CiAAAAAElFTkSuQmCC",2025-11-09 07:22:52.879032+00,
